ImageID,scientificName,Object Type,Number of Objects,Test Class
00-6THnqp3YaaowtFR3FiV7F,crataegus brainerdii sargent,flowers,10,manyobj
00-3FhYpBJVAgbBSEMAoKthyh,ornithogalum umbellatum linnaeus,flowers,10,manyobj
00-iHFsfEio7p9AmuWxPVMkeD,ranunculus bulbosus linnaeus,flowers,10,manyobj
00-eJhx5K8Wq54t88QpZeJCuM,vaccinium pallidum aiton,Flowers,10,manyobj
00-fNojKqtpV6heLg6kt7X3bY,viburnum lantana linnaeus,fruit,10,manyobj
00-UGjU3ngkpAHgxv5vwpHyWe,vaccinium angustifolium aiton,Fruit,12,manyobj
00-cEurv7SExL4YujEhfszp9B,crataegus boyntonii beadle,fruit,13,manyobj
00-vQ6yX6nWxpqnzWkJUg9srP,viburnum dentatum var. venosum (britton) gleason,fruit,13,manyobj
00-JQu566UvCTmAZvCB7JRQ47,cornus racemosa lamarck,Fruit,15,manyobj
00-iuYgVMuAjxXMBdJSUY9VpR,cornus racemosa lamarck,Fruit,15,manyobj
00-Skcrv8GsH8AgfDdQugdJkM,crataegus faxonii sargent,flowers,15,manyobj
00-bJJzKWVpEbKYSN64Lj6BAX,crataegus blanchardi sargent,fruit,15,manyobj
00-vDDSEUJsPQWm3dg2iWQKvJ,vaccinium angustifolium aiton,flowers,15,manyobj
00-BKtyEaJShaDxX68SSBRuXS,crataegus blanchardi sargent,fruit,16,manyobj
00-2ETjwqubszxftC6Ptwdr5a,crataegus blanchardi sargent,flowers,18,manyobj
00-URHEQ9m4pajGHDPdpU2sDZ,crataegus faxonii sargent,Fruit,20,manyobj
00-b9rorCGECnfa3WVaiGjBn5,crataegus faxonii sargent,fruit,20,manyobj
00-a4mmQdzEzRymF3ACkdrbdV,crataegus boyntonii beadle,fruit,20,manyobj
00-YewxgFCnguCvBJQdQrBx2e,crataegus boyntonii beadle,fruit,20,manyobj
00-uDoz4m2e8HetNcbRnD4Jm6,hieracium lachenalii c. c. gmelin,buds,20,manyobj
00-sZQefUWeU34XurSspyXt4c,hieracium lachenalii c. c. gmelin,buds,20,manyobj
00-tvGZE4Bb4zQAbM4qtfxty3,pastinaca sativa linnaeus,flowers,20,manyobj
00-XZdNz2PRgx9DWsX454pAbF,vaccinium pallidum aiton,fruit,20,manyobj
00-hrHrMUvBFAm2BnjbpAZKGi,vaccinium angustifolium aiton,Fruit,20,manyobj
00-ZJorpeMSE7Z3t7aKCLQtSS,vaccinium angustifolium aiton,fruit,20,manyobj
