User,Action,Timestamp
ToughFox,LOGIN,1426001896
ToughFox,HOME,1426001896
ToughFox,START,1426001904
ToughFox,DONE,1426001933
ToughFox,SKIP,1426001944
ToughFox,DONE,1426001964
ToughFox,DONE,1426001976
ToughFox,DONE,1426001983
ToughFox,DONE,1426001992
ToughFox,DONE,1426002001
ToughFox,DONE,1426002015
ToughFox,DONE,1426002021
ToughFox,DONE,1426002026
ToughFox,DONE,1426002033
ToughFox,DONE,1426002040
ToughFox,DONE,1426002047
ToughFox,DONE,1426002053
ToughFox,DONE,1426002059
ToughFox,DONE,1426002064
ToughFox,DONE,1426002075
ToughFox,DONE,1426002081
ToughFox,DONE,1426002088
ToughFox,DONE,1426002093
ToughFox,DONE,1426002099
ToughFox,DONE,1426002104
ToughFox,DONE,1426002109
ToughFox,DONE,1426002114
ToughFox,DONE,1426002124
ToughFox,DONE,1426002129
ToughFox,DONE,1426002134
ToughFox,DONE,1426002144
ToughFox,DONE,1426002149
ToughFox,DONE,1426002154
ToughFox,DONE,1426002159
ToughFox,DONE,1426002165
ToughFox,DONE,1426002169
ToughFox,DONE,1426002184
ToughFox,DONE,1426002194
ToughFox,DONE,1426002213
ToughFox,DONE,1426002223
ToughFox,DONE,1426002230
ToughFox,DONE,1426002240
ToughFox,DONE,1426002249
ToughFox,DONE,1426002256
ToughFox,DONE,1426002267
ToughFox,DONE,1426002278
ToughFox,DONE,1426002285
ToughFox,DONE,1426002289
ToughFox,DONE,1426002296
ToughFox,DONE,1426002304
ToughFox,DONE,1426002321
ToughFox,DONE,1426002326
ToughFox,DONE,1426002331
ToughFox,DONE,1426002335
ToughFox,DONE,1426002339
ToughFox,DONE,1426002343
ToughFox,DONE,1426002350
ToughFox,DONE,1426002360
ToughFox,DONE,1426002368
ToughFox,DONE,1426002379
ToughFox,DONE,1426002383
ToughFox,DONE,1426002389
HonestLlama,LOGIN,1426002933
HonestLlama,HOME,1426002933
HonestLlama,START,1426002967
HonestLlama,DONE,1426002998
HonestLlama,DONE,1426003025
HonestLlama,DONE,1426003054
HonestLlama,DONE,1426003064
HonestLlama,DONE,1426003079
HonestLlama,DONE,1426003094
HonestLlama,DONE,1426003094
HonestLlama,DONE,1426003118
HonestLlama,DONE,1426003126
HonestLlama,DONE,1426003150
HonestLlama,DONE,1426003155
HonestLlama,DONE,1426003161
HonestLlama,DONE,1426003169
HonestLlama,DONE,1426003174
HonestLlama,DONE,1426003182
HonestLlama,DONE,1426003189
HonestLlama,DONE,1426003193
HonestLlama,DONE,1426003209
HonestLlama,DONE,1426003222
HonestLlama,DONE,1426003228
HonestLlama,DONE,1426003238
HonestLlama,DONE,1426003242
HonestLlama,DONE,1426003252
HonestLlama,DONE,1426003258
HonestLlama,DONE,1426003264
HonestLlama,DONE,1426003288
HonestLlama,DONE,1426003300
HonestLlama,DONE,1426003307
HonestLlama,DONE,1426003318
HonestLlama,DONE,1426003333
HonestLlama,DONE,1426003341
HonestLlama,DONE,1426003351
HonestLlama,DONE,1426003368
HonestLlama,DONE,1426003377
HonestLlama,DONE,1426003387
HonestLlama,DONE,1426003403
HonestLlama,DONE,1426003408
HonestLlama,DONE,1426003419
HonestLlama,DONE,1426003435
HonestLlama,DONE,1426003447
HonestLlama,DONE,1426003464
HonestLlama,DONE,1426003479
HonestLlama,DONE,1426003488
HonestLlama,DONE,1426003503
HonestLlama,DONE,1426003518
HonestLlama,DONE,1426003534
HonestLlama,DONE,1426003542
HonestLlama,DONE,1426003558
HonestLlama,DONE,1426003568
HonestLlama,DONE,1426003576
HonestLlama,DONE,1426003592
HonestLlama,DONE,1426003603
HonestLlama,DONE,1426003611
HonestLlama,DONE,1426003617
HonestLlama,DONE,1426003623
HonestLlama,DONE,1426003628
HonestLlama,DONE,1426003635
HonestLlama,DONE,1426003644
HonestLlama,DONE,1426003654
HonestLlama,UNKNOWN,1426004039
HonestLlama,LOGOUT,1426004039
SincereMouse,LOGIN,1426004161
SincereMouse,HOME,1426004161
SincereMouse,START,1426004168
SincereMouse,DONE,1426004189
SincereMouse,DONE,1426004200
SincereMouse,SKIP,1426004215
SincereMouse,SKIP,1426004220
SincereMouse,SKIP,1426004231
SincereMouse,SKIP,1426004239
SincereMouse,SKIP,1426004239
SincereMouse,DONE,1426004240
SincereMouse,SKIP,1426004254
SincereMouse,DONE,1426004259
SincereMouse,SKIP,1426004263
SincereMouse,DONE,1426004268
SincereMouse,DONE,1426004273
SincereMouse,DONE,1426004278
SincereMouse,DONE,1426004284
SincereMouse,DONE,1426004290
SincereMouse,DONE,1426004296
SincereMouse,DONE,1426004299
SincereMouse,DONE,1426004303
SincereMouse,DONE,1426004307
SincereMouse,DONE,1426004312
SincereMouse,DONE,1426004315
SincereMouse,DONE,1426004324
SincereMouse,DONE,1426004330
SincereMouse,DONE,1426004335
SincereMouse,DONE,1426004341
SincereMouse,DONE,1426004345
SincereMouse,DONE,1426004348
SincereMouse,DONE,1426004351
SincereMouse,DONE,1426004354
SincereMouse,DONE,1426004357
SincereMouse,DONE,1426004359
SincereMouse,DONE,1426004363
SincereMouse,DONE,1426004366
SincereMouse,DONE,1426004368
SincereMouse,DONE,1426004371
SincereMouse,DONE,1426004374
SincereMouse,DONE,1426004378
SincereMouse,DONE,1426004382
SincereMouse,DONE,1426004384
SincereMouse,DONE,1426004387
SincereMouse,DONE,1426004389
SincereMouse,DONE,1426004392
SincereMouse,DONE,1426004395
SincereMouse,DONE,1426004398
SincereMouse,DONE,1426004401
SincereMouse,DONE,1426004404
SincereMouse,DONE,1426004406
SincereMouse,DONE,1426004410
SincereMouse,DONE,1426004412
SincereMouse,DONE,1426004414
SincereMouse,DONE,1426004416
SincereMouse,DONE,1426004419
SincereMouse,DONE,1426004422
SincereMouse,DONE,1426004425
SincereMouse,DONE,1426004427
SincereMouse,DONE,1426004429
SincereMouse,DONE,1426004432
SincereMouse,DONE,1426004434
SincereMouse,DONE,1426004436
SincereMouse,DONE,1426004437
SincereMouse,DONE,1426004439
SincereMouse,DONE,1426004440
SincereMouse,DONE,1426004441
SincereMouse,DONE,1426004442
SincereMouse,DONE,1426004442
SincereMouse,DONE,1426004443
SincereMouse,DONE,1426004443
SincereMouse,DONE,1426004443
SincereMouse,DONE,1426004444
SincereMouse,DONE,1426004444
SincereMouse,UNKNOWN,1426007249
SincereMouse,LOGOUT,1426007249
FrankTurkey,LOGIN,1426007426
FrankTurkey,HOME,1426007427
FrankTurkey,START,1426007436
FrankTurkey,DONE,1426007452
FrankTurkey,DONE,1426007462
FrankTurkey,DONE,1426007479
FrankTurkey,DONE,1426007490
FrankTurkey,DONE,1426007497
FrankTurkey,DONE,1426007504
FrankTurkey,DONE,1426007518
FrankTurkey,DONE,1426007527
FrankTurkey,DONE,1426007543
FrankTurkey,DONE,1426007546
FrankTurkey,DONE,1426007554
FrankTurkey,DONE,1426007566
FrankTurkey,DONE,1426007570
FrankTurkey,DONE,1426007583
FrankTurkey,DONE,1426007588
FrankTurkey,DONE,1426007591
FrankTurkey,DONE,1426007600
FrankTurkey,DONE,1426007603
FrankTurkey,DONE,1426007617
FrankTurkey,DONE,1426007622
FrankTurkey,DONE,1426007630
FrankTurkey,DONE,1426007640
FrankTurkey,DONE,1426007647
FrankTurkey,DONE,1426007651
FrankTurkey,DONE,1426007660
FrankTurkey,DONE,1426007666
FrankTurkey,DONE,1426007671
FrankTurkey,DONE,1426007678
FrankTurkey,DONE,1426007686
FrankTurkey,DONE,1426007692
FrankTurkey,DONE,1426007695
FrankTurkey,DONE,1426007699
FrankTurkey,DONE,1426007705
FrankTurkey,DONE,1426007710
FrankTurkey,DONE,1426007717
FrankTurkey,DONE,1426007724
FrankTurkey,DONE,1426007731
FrankTurkey,DONE,1426007735
FrankTurkey,DONE,1426007742
FrankTurkey,DONE,1426007747
FrankTurkey,DONE,1426007756
FrankTurkey,DONE,1426007760
FrankTurkey,DONE,1426007766
FrankTurkey,DONE,1426007769
FrankTurkey,DONE,1426007773
FrankTurkey,DONE,1426007778
FrankTurkey,DONE,1426007787
FrankTurkey,DONE,1426007793
FrankTurkey,DONE,1426007800
FrankTurkey,DONE,1426007803
FrankTurkey,DONE,1426007808
FrankTurkey,DONE,1426007815
FrankTurkey,DONE,1426007819
FrankTurkey,DONE,1426007822
FrankTurkey,DONE,1426007832
FrankTurkey,DONE,1426007835
FrankTurkey,DONE,1426007842
FrankTurkey,DONE,1426007845
FrankTurkey,DONE,1426007848
FrankTurkey,DONE,1426007862
FrankTurkey,DONE,1426007880
FrankTurkey,SKIP,1426007927
FrankTurkey,DONE,1426007929
FrankTurkey,UNKNOWN,1426009738
FrankTurkey,LOGOUT,1426009738
AmusingBombay,LOGIN,1426010686
AmusingBombay,HOME,1426010687
AmusingBombay,START,1426010730
AmusingBombay,DONE,1426010760
AmusingBombay,DONE,1426010775
AmusingBombay,DONE,1426010807
AmusingBombay,DONE,1426010816
AmusingBombay,DONE,1426010832
AmusingBombay,DONE,1426010851
AmusingBombay,DONE,1426010878
AmusingBombay,DONE,1426010907
AmusingBombay,DONE,1426010919
AmusingBombay,DONE,1426010929
AmusingBombay,DONE,1426010942
AmusingBombay,DONE,1426010962
AmusingBombay,DONE,1426010976
AmusingBombay,DONE,1426010992
AmusingBombay,DONE,1426011011
AmusingBombay,DONE,1426011026
AmusingBombay,DONE,1426011058
AmusingBombay,DONE,1426011079
AmusingBombay,DONE,1426011097
AmusingBombay,DONE,1426011110
AmusingBombay,DONE,1426011130
AmusingBombay,DONE,1426011145
AmusingBombay,DONE,1426011160
AmusingBombay,DONE,1426011172
AmusingBombay,DONE,1426011198
AmusingBombay,DONE,1426011214
AmusingBombay,DONE,1426011221
AmusingBombay,DONE,1426011231
AmusingBombay,DONE,1426011236
AmusingBombay,DONE,1426011252
AmusingBombay,DONE,1426011259
AmusingBombay,DONE,1426011266
AmusingBombay,DONE,1426011278
AmusingBombay,DONE,1426011282
AmusingBombay,DONE,1426011294
AmusingBombay,DONE,1426011303
AmusingBombay,DONE,1426011315
AmusingBombay,DONE,1426011324
AmusingBombay,DONE,1426011337
AmusingBombay,DONE,1426011350
AmusingBombay,DONE,1426011365
AmusingBombay,DONE,1426011372
AmusingBombay,DONE,1426011379
AmusingBombay,DONE,1426011392
AmusingBombay,DONE,1426011402
AmusingBombay,DONE,1426011415
AmusingBombay,DONE,1426011428
AmusingBombay,DONE,1426011442
AmusingBombay,DONE,1426011450
AmusingBombay,DONE,1426011458
AmusingBombay,DONE,1426011470
AmusingBombay,DONE,1426011477
AmusingBombay,DONE,1426011491
AmusingBombay,DONE,1426011498
AmusingBombay,DONE,1426011508
AmusingBombay,DONE,1426011524
AmusingBombay,DONE,1426011536
AmusingBombay,DONE,1426011549
AmusingBombay,UNKNOWN,1426013471
AmusingBombay,LOGOUT,1426013471
FunnySloth,LOGIN,1426013898
FunnySloth,HOME,1426013899
FunnySloth,START,1426013984
FunnySloth,DONE,1426014006
FunnySloth,DONE,1426014043
FunnySloth,DONE,1426014075
FunnySloth,DONE,1426014092
FunnySloth,DONE,1426014115
FunnySloth,DONE,1426014140
FunnySloth,DONE,1426014170
FunnySloth,DONE,1426014184
FunnySloth,DONE,1426014208
FunnySloth,DONE,1426014225
FunnySloth,DONE,1426014254
FunnySloth,DONE,1426014291
FunnySloth,DONE,1426014300
FunnySloth,DONE,1426014311
FunnySloth,DONE,1426014329
FunnySloth,DONE,1426014344
FunnySloth,DONE,1426014356
FunnySloth,DONE,1426014371
FunnySloth,DONE,1426014401
FunnySloth,DONE,1426014411
FunnySloth,DONE,1426014426
FunnySloth,DONE,1426014436
FunnySloth,DONE,1426014452
FunnySloth,DONE,1426014462
FunnySloth,DONE,1426014474
FunnySloth,DONE,1426014483
FunnySloth,DONE,1426014489
FunnySloth,DONE,1426014496
FunnySloth,DONE,1426014503
FunnySloth,DONE,1426014555
FunnySloth,DONE,1426014566
FunnySloth,DONE,1426014580
FunnySloth,DONE,1426014597
FunnySloth,DONE,1426014609
FunnySloth,DONE,1426014630
FunnySloth,DONE,1426014644
FunnySloth,DONE,1426014667
FunnySloth,DONE,1426014690
FunnySloth,DONE,1426014701
FunnySloth,DONE,1426014707
FunnySloth,SKIP,1426014732
FunnySloth,DONE,1426014746
FunnySloth,DONE,1426014767
FunnySloth,DONE,1426014778
FunnySloth,DONE,1426014788
FunnySloth,DONE,1426014828
FunnySloth,DONE,1426014846
FunnySloth,DONE,1426014862
FunnySloth,DONE,1426014873
FunnySloth,DONE,1426014880
FunnySloth,DONE,1426014891
FunnySloth,DONE,1426014901
FunnySloth,DONE,1426014913
FunnySloth,DONE,1426014924
FunnySloth,DONE,1426014942
FunnySloth,DONE,1426014952
FunnySloth,DONE,1426014962
FunnySloth,DONE,1426014967
FunnySloth,UNKNOWN,1426015616
FunnySloth,LOGOUT,1426015616
WittyDrever,LOGIN,1426016615
WittyDrever,HOME,1426016616
WittyDrever,START,1426016700
WittyDrever,DONE,1426016736
WittyDrever,DONE,1426016752
WittyDrever,DONE,1426016767
WittyDrever,DONE,1426016778
WittyDrever,SKIP,1426016794
WittyDrever,DONE,1426016820
WittyDrever,SKIP,1426016834
WittyDrever,DONE,1426016845
WittyDrever,DONE,1426016865
WittyDrever,DONE,1426016870
WittyDrever,DONE,1426016880
WittyDrever,DONE,1426016892
WittyDrever,DONE,1426016911
WittyDrever,DONE,1426016927
WittyDrever,DONE,1426016950
WittyDrever,DONE,1426016964
WittyDrever,DONE,1426016983
WittyDrever,DONE,1426017006
WittyDrever,DONE,1426017028
WittyDrever,DONE,1426017061
WittyDrever,DONE,1426017080
WittyDrever,DONE,1426017103
WittyDrever,DONE,1426017129
WittyDrever,DONE,1426017146
WittyDrever,DONE,1426017176
WittyDrever,DONE,1426017183
WittyDrever,DONE,1426017193
WittyDrever,DONE,1426017198
WittyDrever,DONE,1426017209
WittyDrever,DONE,1426017224
WittyDrever,DONE,1426017235
WittyDrever,DONE,1426017249
WittyDrever,SKIP,1426017281
WittyDrever,DONE,1426017300
WittyDrever,DONE,1426017324
WittyDrever,DONE,1426017351
WittyDrever,DONE,1426017359
WittyDrever,DONE,1426017364
WittyDrever,DONE,1426017369
WittyDrever,DONE,1426017378
WittyDrever,DONE,1426017385
WittyDrever,DONE,1426017395
WittyDrever,DONE,1426017408
WittyDrever,DONE,1426017418
WittyDrever,DONE,1426017424
WittyDrever,DONE,1426017432
WittyDrever,DONE,1426017442
WittyDrever,DONE,1426017451
WittyDrever,DONE,1426017458
WittyDrever,DONE,1426017463
WittyDrever,DONE,1426017474
WittyDrever,DONE,1426017481
WittyDrever,DONE,1426017487
WittyDrever,DONE,1426017495
WittyDrever,DONE,1426017501
WittyDrever,DONE,1426017512
WittyDrever,DONE,1426017521
WittyDrever,DONE,1426017527
WittyDrever,DONE,1426017531
WittyDrever,DONE,1426017536
WittyDrever,SKIP,1426017538
WittyDrever,SKIP,1426017540
WittyDrever,DONE,1426017545
WittyDrever,UNKNOWN,1426020871
WittyDrever,LOGOUT,1426020872
FunnyServal,LOGIN,1426023628
FunnyServal,HOME,1426023629
FunnyServal,START,1426023721
FunnyServal,DONE,1426023789
FunnyServal,DONE,1426023811
FunnyServal,DONE,1426023832
FunnyServal,DONE,1426023841
FunnyServal,DONE,1426023852
FunnyServal,DONE,1426023863
FunnyServal,DONE,1426023879
FunnyServal,DONE,1426023893
FunnyServal,DONE,1426023906
FunnyServal,DONE,1426023919
FunnyServal,DONE,1426023925
FunnyServal,DONE,1426023951
FunnyServal,DONE,1426023967
FunnyServal,DONE,1426023978
FunnyServal,DONE,1426024036
FunnyServal,DONE,1426024056
FunnyServal,DONE,1426024074
FunnyServal,DONE,1426024081
FunnyServal,DONE,1426024113
FunnyServal,DONE,1426024130
FunnyServal,DONE,1426024165
FunnyServal,DONE,1426024194
FunnyServal,DONE,1426024208
FunnyServal,DONE,1426024237
FunnyServal,DONE,1426024253
FunnyServal,DONE,1426024262
FunnyServal,DONE,1426024279
FunnyServal,DONE,1426024296
FunnyServal,DONE,1426024308
FunnyServal,DONE,1426024321
FunnyServal,DONE,1426024353
FunnyServal,DONE,1426024365
FunnyServal,DONE,1426024381
FunnyServal,DONE,1426024398
FunnyServal,DONE,1426024411
FunnyServal,DONE,1426024419
FunnyServal,DONE,1426024437
FunnyServal,DONE,1426024449
FunnyServal,DONE,1426024460
FunnyServal,DONE,1426024471
FunnyServal,DONE,1426024484
FunnyServal,DONE,1426024494
FunnyServal,DONE,1426024507
FunnyServal,DONE,1426024516
FunnyServal,DONE,1426024524
FunnyServal,DONE,1426024545
FunnyServal,DONE,1426024570
FunnyServal,DONE,1426024615
FunnyServal,DONE,1426024645
FunnyServal,DONE,1426024656
FunnyServal,DONE,1426024685
FunnyServal,DONE,1426024704
FunnyServal,SKIP,1426024813
FunnyServal,DONE,1426024822
FunnyServal,DONE,1426024838
FunnyServal,DONE,1426024856
FunnyServal,DONE,1426024868
FunnyServal,DONE,1426024872
FunnyServal,UNKNOWN,1426025549
FunnyServal,UNKNOWN,1426025554
FunnyServal,LOGOUT,1426025554
HonestDhole,LOGIN,1426025772
HonestDhole,HOME,1426025772
HonestDhole,START,1426025786
HonestDhole,DONE,1426025861
HonestDhole,DONE,1426025877
HonestDhole,DONE,1426025921
HonestDhole,DONE,1426025926
HonestDhole,DONE,1426025940
HonestDhole,DONE,1426025962
HonestDhole,DONE,1426025988
HonestDhole,DONE,1426025994
HonestDhole,DONE,1426026019
HonestDhole,DONE,1426026025
HonestDhole,DONE,1426026032
HonestDhole,DONE,1426026049
HonestDhole,DONE,1426026059
HonestDhole,DONE,1426026076
HonestDhole,DONE,1426026100
HonestDhole,DONE,1426026121
HonestDhole,DONE,1426026138
HonestDhole,DONE,1426026175
HonestDhole,DONE,1426026187
HonestDhole,SKIP,1426026221
HonestDhole,DONE,1426026253
HonestDhole,DONE,1426026270
HonestDhole,DONE,1426026281
HonestDhole,DONE,1426026301
HonestDhole,DONE,1426026315
HonestDhole,DONE,1426026323
HonestDhole,DONE,1426026332
HonestDhole,DONE,1426026344
HonestDhole,DONE,1426026353
HonestDhole,DONE,1426026365
HonestDhole,DONE,1426026375
HonestDhole,DONE,1426026390
HonestDhole,DONE,1426026397
HonestDhole,DONE,1426026411
HonestDhole,DONE,1426026431
HonestDhole,DONE,1426026438
HonestDhole,DONE,1426026452
HonestDhole,DONE,1426026463
HonestDhole,DONE,1426026471
HonestDhole,DONE,1426026477
HonestDhole,DONE,1426026494
HonestDhole,DONE,1426026499
HonestDhole,DONE,1426026510
HonestDhole,DONE,1426026529
HonestDhole,DONE,1426026541
HonestDhole,DONE,1426026554
HonestDhole,DONE,1426026570
HonestDhole,DONE,1426026580
HonestDhole,DONE,1426026600
HonestDhole,DONE,1426026606
HonestDhole,DONE,1426026616
HonestDhole,DONE,1426026630
HonestDhole,DONE,1426026668
HonestDhole,DONE,1426026678
HonestDhole,DONE,1426026689
HonestDhole,DONE,1426026704
HonestDhole,DONE,1426026729
HonestDhole,DONE,1426026746
HonestDhole,UNKNOWN,1426027193
HonestDhole,LOGOUT,1426027193
PatientWeasel,LOGIN,1426084149
PatientWeasel,HOME,1426084149
PatientWeasel,START,1426084170
PatientWeasel,DONE,1426084228
PatientWeasel,DONE,1426084250
PatientWeasel,DONE,1426084287
PatientWeasel,DONE,1426084297
PatientWeasel,DONE,1426084312
PatientWeasel,DONE,1426084342
PatientWeasel,DONE,1426084378
PatientWeasel,DONE,1426084392
PatientWeasel,DONE,1426084420
PatientWeasel,DONE,1426084437
PatientWeasel,DONE,1426084455
PatientWeasel,DONE,1426084479
PatientWeasel,DONE,1426084505
PatientWeasel,DONE,1426084536
PatientWeasel,DONE,1426084564
PatientWeasel,DONE,1426084584
PatientWeasel,DONE,1426084618
PatientWeasel,DONE,1426084635
PatientWeasel,DONE,1426084665
PatientWeasel,DONE,1426084694
PatientWeasel,DONE,1426084724
PatientWeasel,DONE,1426084742
PatientWeasel,DONE,1426084757
PatientWeasel,DONE,1426084775
PatientWeasel,DONE,1426084802
PatientWeasel,DONE,1426084811
PatientWeasel,DONE,1426084839
PatientWeasel,DONE,1426084853
PatientWeasel,DONE,1426084865
PatientWeasel,DONE,1426084885
PatientWeasel,DONE,1426084897
PatientWeasel,DONE,1426084925
PatientWeasel,DONE,1426084945
PatientWeasel,DONE,1426084966
PatientWeasel,DONE,1426084987
PatientWeasel,DONE,1426085009
PatientWeasel,DONE,1426085043
PatientWeasel,DONE,1426085069
PatientWeasel,DONE,1426085079
PatientWeasel,DONE,1426085097
PatientWeasel,DONE,1426085116
PatientWeasel,DONE,1426085135
PatientWeasel,DONE,1426085157
PatientWeasel,DONE,1426085185
PatientWeasel,DONE,1426085194
PatientWeasel,DONE,1426085203
PatientWeasel,DONE,1426085225
PatientWeasel,DONE,1426085253
PatientWeasel,DONE,1426085262
PatientWeasel,DONE,1426085269
PatientWeasel,DONE,1426085295
PatientWeasel,DONE,1426085304
PatientWeasel,DONE,1426085316
PatientWeasel,DONE,1426085325
PatientWeasel,DONE,1426085338
PatientWeasel,DONE,1426085362
PatientWeasel,DONE,1426085384
PatientWeasel,UNKNOWN,1426085853
PatientWeasel,LOGOUT,1426085853
BrightFalcon,LOGIN,1426093140
BrightFalcon,HOME,1426093140
BrightFalcon,START,1426093159
BrightFalcon,DONE,1426093178
BrightFalcon,DONE,1426093186
BrightFalcon,DONE,1426093206
BrightFalcon,DONE,1426093215
BrightFalcon,DONE,1426093227
BrightFalcon,DONE,1426093243
BrightFalcon,DONE,1426093267
BrightFalcon,DONE,1426093280
BrightFalcon,DONE,1426093298
BrightFalcon,DONE,1426093305
BrightFalcon,DONE,1426093317
BrightFalcon,DONE,1426093330
BrightFalcon,DONE,1426093340
BrightFalcon,DONE,1426093354
BrightFalcon,DONE,1426093383
BrightFalcon,DONE,1426093401
BrightFalcon,DONE,1426093414
BrightFalcon,DONE,1426093429
BrightFalcon,DONE,1426093448
BrightFalcon,DONE,1426093467
BrightFalcon,DONE,1426093475
BrightFalcon,DONE,1426093495
BrightFalcon,DONE,1426093504
BrightFalcon,DONE,1426093516
BrightFalcon,DONE,1426093533
BrightFalcon,DONE,1426093539
BrightFalcon,DONE,1426093551
BrightFalcon,DONE,1426093560
BrightFalcon,DONE,1426093576
BrightFalcon,DONE,1426093595
BrightFalcon,DONE,1426093613
BrightFalcon,DONE,1426093629
BrightFalcon,DONE,1426093642
BrightFalcon,DONE,1426093648
BrightFalcon,DONE,1426093661
BrightFalcon,DONE,1426093669
BrightFalcon,DONE,1426093690
BrightFalcon,DONE,1426093699
BrightFalcon,DONE,1426093708
BrightFalcon,DONE,1426093717
BrightFalcon,DONE,1426093731
BrightFalcon,DONE,1426093741
BrightFalcon,DONE,1426093755
BrightFalcon,DONE,1426093777
BrightFalcon,DONE,1426093783
BrightFalcon,DONE,1426093788
BrightFalcon,DONE,1426093800
BrightFalcon,DONE,1426093827
BrightFalcon,DONE,1426093838
BrightFalcon,DONE,1426093843
BrightFalcon,DONE,1426093854
BrightFalcon,DONE,1426093860
BrightFalcon,DONE,1426093867
BrightFalcon,DONE,1426093873
BrightFalcon,DONE,1426093880
BrightFalcon,DONE,1426093887
BrightFalcon,DONE,1426093903
BrightFalcon,DONE,1426093910
BrightFalcon,DONE,1426093918
BrightFalcon,UNKNOWN,1426094400
BrightFalcon,LOGOUT,1426094400
GentleTurkey,LOGIN,1426094488
GentleTurkey,HOME,1426094488
GentleTurkey,START,1426094636
GentleTurkey,DONE,1426094686
GentleTurkey,DONE,1426094718
GentleTurkey,DONE,1426094750
GentleTurkey,DONE,1426094778
GentleTurkey,DONE,1426094801
GentleTurkey,DONE,1426094827
GentleTurkey,DONE,1426094864
GentleTurkey,DONE,1426094897
GentleTurkey,DONE,1426094933
GentleTurkey,DONE,1426094954
GentleTurkey,DONE,1426094967
GentleTurkey,DONE,1426094997
GentleTurkey,SKIP,1426095032
GentleTurkey,DONE,1426095044
GentleTurkey,DONE,1426095069
GentleTurkey,DONE,1426095086
GentleTurkey,DONE,1426095117
GentleTurkey,DONE,1426095132
GentleTurkey,DONE,1426095152
GentleTurkey,DONE,1426095170
GentleTurkey,DONE,1426095209
GentleTurkey,DONE,1426095231
GentleTurkey,DONE,1426095245
GentleTurkey,DONE,1426095260
GentleTurkey,DONE,1426095281
GentleTurkey,DONE,1426095315
GentleTurkey,DONE,1426095330
GentleTurkey,DONE,1426095345
GentleTurkey,DONE,1426095373
GentleTurkey,DONE,1426095391
GentleTurkey,DONE,1426095407
GentleTurkey,DONE,1426095425
GentleTurkey,DONE,1426095447
GentleTurkey,DONE,1426095467
GentleTurkey,DONE,1426095497
GentleTurkey,DONE,1426095513
GentleTurkey,DONE,1426095534
GentleTurkey,DONE,1426095553
GentleTurkey,DONE,1426095573
GentleTurkey,DONE,1426095581
GentleTurkey,SKIP,1426095625
GentleTurkey,DONE,1426095654
GentleTurkey,DONE,1426095681
GentleTurkey,DONE,1426095711
GentleTurkey,DONE,1426095722
GentleTurkey,SKIP,1426095774
GentleTurkey,SKIP,1426095803
GentleTurkey,DONE,1426095826
GentleTurkey,DONE,1426095835
GentleTurkey,DONE,1426095853
GentleTurkey,DONE,1426095869
GentleTurkey,DONE,1426095884
GentleTurkey,DONE,1426095904
GentleTurkey,SKIP,1426095930
GentleTurkey,DONE,1426095972
GentleTurkey,DONE,1426095987
GentleTurkey,DONE,1426095998
GentleTurkey,DONE,1426096000
GentleTurkey,UNKNOWN,1426096998
GentleTurkey,LOGOUT,1426096998
CarefulBirman,LOGIN,1426099102
CarefulBirman,LOGIN,1426099104
CarefulBirman,HOME,1426099104
CarefulBirman,START,1426099116
CarefulBirman,DONE,1426099134
CarefulBirman,DONE,1426099154
CarefulBirman,DONE,1426099172
CarefulBirman,DONE,1426099182
CarefulBirman,DONE,1426099208
CarefulBirman,DONE,1426099217
CarefulBirman,DONE,1426099265
CarefulBirman,DONE,1426099275
CarefulBirman,DONE,1426099317
CarefulBirman,DONE,1426099324
CarefulBirman,DONE,1426099348
CarefulBirman,DONE,1426099375
CarefulBirman,DONE,1426099380
CarefulBirman,DONE,1426099393
CarefulBirman,DONE,1426099402
CarefulBirman,DONE,1426099406
CarefulBirman,DONE,1426099423
CarefulBirman,DONE,1426099428
CarefulBirman,DONE,1426099441
CarefulBirman,DONE,1426099453
CarefulBirman,DONE,1426099461
CarefulBirman,DONE,1426099475
CarefulBirman,DONE,1426099479
CarefulBirman,DONE,1426099484
CarefulBirman,DONE,1426099495
CarefulBirman,DONE,1426099512
CarefulBirman,DONE,1426099518
CarefulBirman,DONE,1426099529
CarefulBirman,DONE,1426099532
CarefulBirman,DONE,1426099543
CarefulBirman,DONE,1426099546
CarefulBirman,DONE,1426099550
CarefulBirman,DONE,1426099558
CarefulBirman,DONE,1426099562
CarefulBirman,DONE,1426099577
CarefulBirman,DONE,1426099585
CarefulBirman,DONE,1426099593
CarefulBirman,DONE,1426099607
CarefulBirman,DONE,1426099611
CarefulBirman,DONE,1426099623
CarefulBirman,DONE,1426099653
CarefulBirman,DONE,1426099726
CarefulBirman,DONE,1426099814
CarefulBirman,DONE,1426099820
CarefulBirman,DONE,1426099824
CarefulBirman,DONE,1426099829
CarefulBirman,DONE,1426099836
CarefulBirman,DONE,1426099863
CarefulBirman,DONE,1426099866
CarefulBirman,DONE,1426099870
CarefulBirman,DONE,1426099874
CarefulBirman,DONE,1426099877
CarefulBirman,DONE,1426099881
CarefulBirman,DONE,1426099884
CarefulBirman,DONE,1426099895
CarefulBirman,DONE,1426099901
CarefulBirman,DONE,1426099906
CarefulBirman,DONE,1426099911
CarefulBirman,DONE,1426099917
CarefulBirman,UNKNOWN,1426100522
CarefulBirman,LOGOUT,1426100522
ShyCoati,LOGIN,1426109804
ShyCoati,HOME,1426109804
ShyCoati,START,1426109926
ShyCoati,DONE,1426109951
ShyCoati,DONE,1426109967
ShyCoati,DONE,1426109985
ShyCoati,DONE,1426109993
ShyCoati,DONE,1426110002
ShyCoati,DONE,1426110011
ShyCoati,DONE,1426110021
ShyCoati,DONE,1426110029
ShyCoati,DONE,1426110038
ShyCoati,DONE,1426110043
ShyCoati,DONE,1426110047
ShyCoati,DONE,1426110057
ShyCoati,DONE,1426110062
ShyCoati,DONE,1426110069
ShyCoati,DONE,1426110073
ShyCoati,DONE,1426110079
ShyCoati,DONE,1426110088
ShyCoati,DONE,1426110098
ShyCoati,DONE,1426110115
ShyCoati,DONE,1426110122
ShyCoati,DONE,1426110129
ShyCoati,DONE,1426110133
ShyCoati,DONE,1426110137
ShyCoati,DONE,1426110140
ShyCoati,DONE,1426110147
ShyCoati,DONE,1426110150
ShyCoati,DONE,1426110154
ShyCoati,DONE,1426110158
ShyCoati,DONE,1426110161
ShyCoati,DONE,1426110166
ShyCoati,DONE,1426110169
ShyCoati,DONE,1426110173
ShyCoati,DONE,1426110180
ShyCoati,DONE,1426110185
ShyCoati,DONE,1426110190
ShyCoati,DONE,1426110195
ShyCoati,DONE,1426110205
ShyCoati,DONE,1426110209
ShyCoati,DONE,1426110218
ShyCoati,DONE,1426110221
ShyCoati,DONE,1426110227
ShyCoati,DONE,1426110230
ShyCoati,DONE,1426110239
ShyCoati,DONE,1426110243
ShyCoati,DONE,1426110247
ShyCoati,DONE,1426110251
ShyCoati,DONE,1426110254
ShyCoati,DONE,1426110260
ShyCoati,DONE,1426110263
ShyCoati,DONE,1426110271
ShyCoati,DONE,1426110274
ShyCoati,DONE,1426110282
ShyCoati,DONE,1426110285
ShyCoati,DONE,1426110289
ShyCoati,DONE,1426110293
ShyCoati,DONE,1426110302
ShyCoati,DONE,1426110307
ShyCoati,DONE,1426110311
ShyCoati,DONE,1426110315
ShyCoati,UNKNOWN,1426111128
ShyCoati,LOGOUT,1426111128
FunnyBeagle,LOGIN,1426266606
FunnyBeagle,HOME,1426266607
FunnyBeagle,START,1426266704
FunnyBeagle,DONE,1426266748
FunnyBeagle,DONE,1426266770
FunnyBeagle,DONE,1426266790
FunnyBeagle,DONE,1426266834
FunnyBeagle,DONE,1426266847
FunnyBeagle,DONE,1426266882
FunnyBeagle,DONE,1426266901
FunnyBeagle,DONE,1426266910
FunnyBeagle,DONE,1426266928
FunnyBeagle,DONE,1426266937
FunnyBeagle,DONE,1426266947
FunnyBeagle,DONE,1426266974
FunnyBeagle,DONE,1426266994
FunnyBeagle,DONE,1426267013
FunnyBeagle,DONE,1426267025
FunnyBeagle,DONE,1426267035
FunnyBeagle,DONE,1426267047
FunnyBeagle,DONE,1426267055
FunnyBeagle,DONE,1426267070
FunnyBeagle,DONE,1426267082
FunnyBeagle,DONE,1426267098
FunnyBeagle,DONE,1426267128
FunnyBeagle,DONE,1426267148
FunnyBeagle,DONE,1426267158
FunnyBeagle,DONE,1426267179
FunnyBeagle,DONE,1426267188
FunnyBeagle,DONE,1426267198
FunnyBeagle,DONE,1426267213
FunnyBeagle,DONE,1426267221
FunnyBeagle,DONE,1426267243
FunnyBeagle,DONE,1426267254
FunnyBeagle,DONE,1426267262
FunnyBeagle,DONE,1426267273
FunnyBeagle,DONE,1426267280
FunnyBeagle,DONE,1426267287
FunnyBeagle,DONE,1426267294
FunnyBeagle,DONE,1426267305
FunnyBeagle,DONE,1426267318
FunnyBeagle,DONE,1426267327
FunnyBeagle,DONE,1426267335
FunnyBeagle,DONE,1426267344
FunnyBeagle,DONE,1426267353
FunnyBeagle,DONE,1426267359
FunnyBeagle,DONE,1426267368
FunnyBeagle,DONE,1426267378
FunnyBeagle,DONE,1426267389
FunnyBeagle,DONE,1426267399
FunnyBeagle,DONE,1426267407
FunnyBeagle,DONE,1426267417
FunnyBeagle,DONE,1426267427
FunnyBeagle,DONE,1426267438
FunnyBeagle,DONE,1426267445
FunnyBeagle,DONE,1426267454
FunnyBeagle,DONE,1426267463
FunnyBeagle,DONE,1426267477
FunnyBeagle,DONE,1426267485
FunnyBeagle,DONE,1426267497
FunnyBeagle,DONE,1426267502
FunnyBeagle,DONE,1426267506
FunnyBeagle,DONE,1426267510
FunnyBeagle,DONE,1426267514
FunnyBeagle,DONE,1426267520
FunnyBeagle,DONE,1426267530
FrankOyster,LOGIN,1426276215
FrankOyster,HOME,1426276215
FrankOyster,START,1426276408
FrankOyster,DONE,1426276458
FrankOyster,DONE,1426276486
FrankOyster,DONE,1426276498
FrankOyster,DONE,1426276505
FrankOyster,DONE,1426276518
FrankOyster,DONE,1426276534
FrankOyster,DONE,1426276562
FrankOyster,DONE,1426276576
FrankOyster,DONE,1426276590
FrankOyster,DONE,1426276602
FrankOyster,DONE,1426276622
FrankOyster,DONE,1426276640
FrankOyster,DONE,1426276657
FrankOyster,DONE,1426276668
FrankOyster,DONE,1426276681
FrankOyster,DONE,1426276695
FrankOyster,DONE,1426276712
FrankOyster,DONE,1426276727
FrankOyster,DONE,1426276739
FrankOyster,DONE,1426276751
FrankOyster,DONE,1426276766
FrankOyster,DONE,1426276780
FrankOyster,DONE,1426276794
FrankOyster,DONE,1426276806
FrankOyster,DONE,1426276818
FrankOyster,DONE,1426276830
FrankOyster,DONE,1426276839
FrankOyster,DONE,1426276848
FrankOyster,DONE,1426276860
FrankOyster,DONE,1426276870
FrankOyster,DONE,1426276882
FrankOyster,DONE,1426276895
FrankOyster,DONE,1426276915
FrankOyster,DONE,1426276934
FrankOyster,DONE,1426276954
FrankOyster,DONE,1426276964
FrankOyster,DONE,1426276985
FrankOyster,DONE,1426276995
FrankOyster,DONE,1426277003
FrankOyster,DONE,1426277010
FrankOyster,DONE,1426277027
FrankOyster,DONE,1426277035
FrankOyster,DONE,1426277045
FrankOyster,DONE,1426277052
FrankOyster,DONE,1426277068
FrankOyster,DONE,1426277083
FrankOyster,DONE,1426277094
FrankOyster,DONE,1426277118
FrankOyster,DONE,1426277132
FrankOyster,DONE,1426277141
FrankOyster,DONE,1426277158
FrankOyster,DONE,1426277182
FrankOyster,DONE,1426277193
FrankOyster,DONE,1426277202
FrankOyster,DONE,1426277212
FrankOyster,DONE,1426277223
FrankOyster,DONE,1426277232
FrankOyster,DONE,1426277243
FrankOyster,UNKNOWN,1426338783
FrankOyster,LOGOUT,1426338783
LovingCoati,LOGIN,1426001907
LovingCoati,HOME,1426001907
LovingCoati,START,1426001911
LovingCoati,DONE,1426001922
LovingCoati,DONE,1426001979
LovingCoati,DONE,1426002016
LovingCoati,SKIP,1426002027
LovingCoati,DONE,1426002043
LovingCoati,DONE,1426002063
LovingCoati,DONE,1426002095
LovingCoati,DONE,1426002106
LovingCoati,DONE,1426002123
LovingCoati,DONE,1426002130
LovingCoati,DONE,1426002142
LovingCoati,DONE,1426002154
LovingCoati,DONE,1426002171
LovingCoati,DONE,1426002186
LovingCoati,DONE,1426002205
LovingCoati,DONE,1426002221
LovingCoati,DONE,1426002240
LovingCoati,DONE,1426002250
LovingCoati,DONE,1426002258
LovingCoati,DONE,1426002280
LovingCoati,DONE,1426002295
LovingCoati,DONE,1426002305
LovingCoati,DONE,1426002319
LovingCoati,DONE,1426002334
LovingCoati,DONE,1426002346
LovingCoati,DONE,1426002354
LovingCoati,DONE,1426002368
LovingCoati,DONE,1426002375
LovingCoati,DONE,1426002378
LovingCoati,DONE,1426002391
LovingCoati,DONE,1426002396
LovingCoati,DONE,1426002405
LovingCoati,DONE,1426002413
LovingCoati,DONE,1426002425
LovingCoati,DONE,1426002436
LovingCoati,DONE,1426002441
LovingCoati,DONE,1426002461
LovingCoati,DONE,1426002469
LovingCoati,DONE,1426002474
LovingCoati,DONE,1426002477
LovingCoati,DONE,1426002486
LovingCoati,DONE,1426002494
LovingCoati,DONE,1426002499
LovingCoati,DONE,1426002505
LovingCoati,DONE,1426002510
LovingCoati,DONE,1426002514
LovingCoati,DONE,1426002536
LovingCoati,DONE,1426002554
LovingCoati,DONE,1426002562
LovingCoati,DONE,1426002569
LovingCoati,DONE,1426002576
LovingCoati,DONE,1426002580
LovingCoati,DONE,1426002587
LovingCoati,DONE,1426002594
LovingCoati,DONE,1426002600
LovingCoati,DONE,1426002608
LovingCoati,DONE,1426002616
LovingCoati,DONE,1426002618
LovingCoati,DONE,1426002620
LovingCoati,DONE,1426002624
LovingCoati,UNKNOWN,1426003066
LovingCoati,LOGOUT,1426003066
CarefulDodo,LOGIN,1426003174
CarefulDodo,HOME,1426003174
CarefulDodo,START,1426003185
CarefulDodo,DONE,1426003199
CarefulDodo,DONE,1426003217
CarefulDodo,DONE,1426003239
CarefulDodo,DONE,1426003244
CarefulDodo,DONE,1426003272
CarefulDodo,DONE,1426003280
CarefulDodo,DONE,1426003298
CarefulDodo,DONE,1426003304
CarefulDodo,DONE,1426003316
CarefulDodo,DONE,1426003327
CarefulDodo,DONE,1426003339
CarefulDodo,DONE,1426003355
CarefulDodo,DONE,1426003363
CarefulDodo,DONE,1426003376
CarefulDodo,DONE,1426003384
CarefulDodo,DONE,1426003387
CarefulDodo,DONE,1426003395
CarefulDodo,DONE,1426003407
CarefulDodo,DONE,1426003417
CarefulDodo,DONE,1426003426
CarefulDodo,DONE,1426003438
CarefulDodo,DONE,1426003442
CarefulDodo,DONE,1426003445
CarefulDodo,DONE,1426003449
CarefulDodo,DONE,1426003459
CarefulDodo,DONE,1426003463
CarefulDodo,DONE,1426003466
CarefulDodo,DONE,1426003474
CarefulDodo,DONE,1426003486
CarefulDodo,DONE,1426003495
CarefulDodo,DONE,1426003500
CarefulDodo,DONE,1426003503
CarefulDodo,DONE,1426003514
CarefulDodo,DONE,1426003517
CarefulDodo,DONE,1426003533
CarefulDodo,DONE,1426003536
CarefulDodo,DONE,1426003547
CarefulDodo,DONE,1426003551
CarefulDodo,DONE,1426003557
CarefulDodo,DONE,1426003563
CarefulDodo,DONE,1426003573
CarefulDodo,DONE,1426003577
CarefulDodo,DONE,1426003580
CarefulDodo,DONE,1426003591
CarefulDodo,DONE,1426003596
CarefulDodo,DONE,1426003600
CarefulDodo,DONE,1426003616
CarefulDodo,DONE,1426003626
CarefulDodo,DONE,1426003639
CarefulDodo,DONE,1426003644
CarefulDodo,DONE,1426003647
CarefulDodo,DONE,1426003651
CarefulDodo,DONE,1426003657
CarefulDodo,DONE,1426003661
CarefulDodo,DONE,1426003665
CarefulDodo,DONE,1426003668
CarefulDodo,DONE,1426003674
CarefulDodo,DONE,1426003680
CarefulDodo,DONE,1426003683
CarefulDodo,DONE,1426003686
CarefulDodo,DONE,1426003689
CarefulDodo,DONE,1426003692
CarefulDodo,UNKNOWN,1426004241
CarefulDodo,LOGOUT,1426004241
PlacidTetra,LOGIN,1426007247
PlacidTetra,HOME,1426007247
PlacidTetra,START,1426007308
PlacidTetra,DONE,1426007351
PlacidTetra,DONE,1426007361
PlacidTetra,DONE,1426007378
PlacidTetra,DONE,1426007391
PlacidTetra,DONE,1426007399
PlacidTetra,DONE,1426007424
PlacidTetra,DONE,1426007443
PlacidTetra,DONE,1426007450
PlacidTetra,DONE,1426007455
PlacidTetra,DONE,1426007464
PlacidTetra,DONE,1426007475
PlacidTetra,DONE,1426007482
PlacidTetra,DONE,1426007489
PlacidTetra,DONE,1426007499
PlacidTetra,DONE,1426007503
PlacidTetra,DONE,1426007506
PlacidTetra,DONE,1426007510
PlacidTetra,DONE,1426007515
PlacidTetra,DONE,1426007521
PlacidTetra,DONE,1426007528
PlacidTetra,DONE,1426007535
PlacidTetra,DONE,1426007539
PlacidTetra,DONE,1426007546
PlacidTetra,DONE,1426007561
PlacidTetra,DONE,1426007568
PlacidTetra,DONE,1426007578
PlacidTetra,DONE,1426007583
PlacidTetra,DONE,1426007593
PlacidTetra,DONE,1426007598
PlacidTetra,DONE,1426007602
PlacidTetra,DONE,1426007604
PlacidTetra,DONE,1426007607
PlacidTetra,DONE,1426007610
PlacidTetra,DONE,1426007613
PlacidTetra,DONE,1426007616
PlacidTetra,DONE,1426007621
PlacidTetra,DONE,1426007632
PlacidTetra,DONE,1426007635
PlacidTetra,DONE,1426007643
PlacidTetra,DONE,1426007655
PlacidTetra,DONE,1426007661
PlacidTetra,DONE,1426007667
PlacidTetra,DONE,1426007674
PlacidTetra,UNKNOWN,1426008097
PlacidTetra,LOGOUT,1426008097
DynamicEmu,LOGIN,1426008289
DynamicEmu,HOME,1426008289
DynamicEmu,START,1426008337
DynamicEmu,DONE,1426008373
DynamicEmu,DONE,1426008388
DynamicEmu,DONE,1426008397
DynamicEmu,DONE,1426008407
DynamicEmu,DONE,1426008415
DynamicEmu,DONE,1426008423
DynamicEmu,DONE,1426008436
DynamicEmu,DONE,1426008441
DynamicEmu,DONE,1426008455
DynamicEmu,DONE,1426008460
DynamicEmu,DONE,1426008469
DynamicEmu,DONE,1426008475
DynamicEmu,DONE,1426008494
DynamicEmu,DONE,1426008506
DynamicEmu,DONE,1426008515
DynamicEmu,DONE,1426008523
DynamicEmu,DONE,1426008533
DynamicEmu,DONE,1426008541
DynamicEmu,DONE,1426008554
DynamicEmu,DONE,1426008559
DynamicEmu,DONE,1426008564
DynamicEmu,DONE,1426008569
DynamicEmu,DONE,1426008574
DynamicEmu,DONE,1426008578
DynamicEmu,DONE,1426008585
DynamicEmu,DONE,1426008589
DynamicEmu,DONE,1426008602
DynamicEmu,DONE,1426008609
DynamicEmu,DONE,1426008613
DynamicEmu,DONE,1426008620
DynamicEmu,DONE,1426008625
DynamicEmu,DONE,1426008630
DynamicEmu,DONE,1426008640
DynamicEmu,DONE,1426008644
DynamicEmu,DONE,1426008651
DynamicEmu,DONE,1426008658
DynamicEmu,DONE,1426008662
DynamicEmu,DONE,1426008668
DynamicEmu,DONE,1426008675
DynamicEmu,DONE,1426008678
DynamicEmu,DONE,1426008684
DynamicEmu,DONE,1426008688
DynamicEmu,DONE,1426008694
DynamicEmu,DONE,1426008699
DynamicEmu,DONE,1426008707
DynamicEmu,DONE,1426008713
DynamicEmu,DONE,1426008719
DynamicEmu,DONE,1426008732
DynamicEmu,DONE,1426008735
DynamicEmu,DONE,1426008738
DynamicEmu,DONE,1426008741
DynamicEmu,DONE,1426008746
DynamicEmu,DONE,1426008753
DynamicEmu,DONE,1426008760
DynamicEmu,DONE,1426008768
DynamicEmu,DONE,1426008771
DynamicEmu,DONE,1426008777
DynamicEmu,UNKNOWN,1426009666
DynamicEmu,LOGOUT,1426009666
CalmMole,LOGIN,1426010582
CalmMole,HOME,1426010582
CalmMole,START,1426010663
CalmMole,DONE,1426010684
CalmMole,DONE,1426010735
CalmMole,DONE,1426010775
CalmMole,DONE,1426010792
CalmMole,DONE,1426010815
CalmMole,DONE,1426010846
CalmMole,DONE,1426010884
CalmMole,DONE,1426010892
CalmMole,DONE,1426010901
CalmMole,DONE,1426010905
CalmMole,DONE,1426010924
CalmMole,DONE,1426010941
CalmMole,DONE,1426010954
CalmMole,DONE,1426010976
CalmMole,DONE,1426010988
CalmMole,DONE,1426010997
CalmMole,DONE,1426011006
CalmMole,DONE,1426011015
CalmMole,DONE,1426011026
CalmMole,DONE,1426011036
CalmMole,DONE,1426011067
CalmMole,DONE,1426011091
CalmMole,DONE,1426011097
CalmMole,DONE,1426011101
CalmMole,DONE,1426011116
CalmMole,DONE,1426011119
CalmMole,DONE,1426011123
CalmMole,DONE,1426011144
CalmMole,DONE,1426011147
CalmMole,DONE,1426011156
CalmMole,DONE,1426011160
CalmMole,DONE,1426011168
CalmMole,DONE,1426011176
CalmMole,DONE,1426011185
CalmMole,DONE,1426011191
CalmMole,DONE,1426011199
CalmMole,DONE,1426011222
CalmMole,DONE,1426011227
CalmMole,DONE,1426011233
CalmMole,DONE,1426011241
CalmMole,DONE,1426011256
CalmMole,DONE,1426011259
CalmMole,DONE,1426011266
CalmMole,DONE,1426011269
CalmMole,DONE,1426011274
CalmMole,DONE,1426011280
CalmMole,DONE,1426011289
CalmMole,DONE,1426011301
CalmMole,DONE,1426011306
CalmMole,DONE,1426011310
CalmMole,DONE,1426011313
CalmMole,DONE,1426011321
CalmMole,DONE,1426011330
CalmMole,DONE,1426011334
CalmMole,DONE,1426011342
CalmMole,DONE,1426011354
CalmMole,DONE,1426011365
CalmMole,DONE,1426011373
CalmMole,UNKNOWN,1426012087
CalmMole,LOGOUT,1426012087
LoyalMagpie,LOGIN,1426026167
LoyalMagpie,HOME,1426026167
LoyalMagpie,START,1426026207
LoyalMagpie,DONE,1426026258
LoyalMagpie,DONE,1426026271
LoyalMagpie,DONE,1426026293
LoyalMagpie,DONE,1426026302
LoyalMagpie,DONE,1426026307
LoyalMagpie,DONE,1426026322
LoyalMagpie,DONE,1426026366
LoyalMagpie,DONE,1426026373
LoyalMagpie,DONE,1426026407
LoyalMagpie,DONE,1426026414
LoyalMagpie,DONE,1426026424
LoyalMagpie,DONE,1426026444
LoyalMagpie,DONE,1426026450
LoyalMagpie,DONE,1426026457
LoyalMagpie,DONE,1426026465
LoyalMagpie,DONE,1426026469
LoyalMagpie,DONE,1426026479
LoyalMagpie,DONE,1426026488
LoyalMagpie,DONE,1426026498
LoyalMagpie,DONE,1426026513
LoyalMagpie,DONE,1426026519
LoyalMagpie,DONE,1426026524
LoyalMagpie,DONE,1426026527
LoyalMagpie,DONE,1426026531
LoyalMagpie,DONE,1426026537
LoyalMagpie,DONE,1426026543
LoyalMagpie,DONE,1426026551
LoyalMagpie,DONE,1426026566
LoyalMagpie,DONE,1426026577
LoyalMagpie,DONE,1426026585
LoyalMagpie,DONE,1426026590
LoyalMagpie,DONE,1426026598
LoyalMagpie,DONE,1426026600
LoyalMagpie,DONE,1426026607
LoyalMagpie,DONE,1426026617
LoyalMagpie,DONE,1426026622
LoyalMagpie,DONE,1426026633
LoyalMagpie,DONE,1426026640
LoyalMagpie,DONE,1426026646
LoyalMagpie,DONE,1426026652
LoyalMagpie,DONE,1426026676
LoyalMagpie,DONE,1426026701
LoyalMagpie,DONE,1426026708
LoyalMagpie,DONE,1426026721
LoyalMagpie,DONE,1426026729
LoyalMagpie,DONE,1426026736
LoyalMagpie,DONE,1426026742
LoyalMagpie,DONE,1426026746
LoyalMagpie,DONE,1426026757
LoyalMagpie,DONE,1426026763
LoyalMagpie,DONE,1426026768
LoyalMagpie,DONE,1426026781
LoyalMagpie,DONE,1426026785
LoyalMagpie,DONE,1426026795
LoyalMagpie,DONE,1426026800
LoyalMagpie,DONE,1426026806
LoyalMagpie,DONE,1426026814
LoyalMagpie,UNKNOWN,1426095904
LoyalMagpie,LOGOUT,1426095904
LoyalNumbat,LOGIN,1426096093
LoyalNumbat,HOME,1426096093
LoyalNumbat,START,1426096176
LoyalNumbat,DONE,1426096216
LoyalNumbat,DONE,1426096239
LoyalNumbat,DONE,1426096258
LoyalNumbat,DONE,1426096300
LoyalNumbat,SKIP,1426096359
LoyalNumbat,DONE,1426096374
LoyalNumbat,SKIP,1426096417
LoyalNumbat,DONE,1426096432
LoyalNumbat,SKIP,1426096519
LoyalNumbat,DONE,1426096530
LoyalNumbat,DONE,1426096535
LoyalNumbat,DONE,1426096553
LoyalNumbat,DONE,1426096595
LoyalNumbat,DONE,1426096617
LoyalNumbat,DONE,1426096658
LoyalNumbat,DONE,1426096686
LoyalNumbat,DONE,1426096696
LoyalNumbat,DONE,1426096713
LoyalNumbat,DONE,1426096777
LoyalNumbat,SKIP,1426096790
LoyalNumbat,DONE,1426096797
LoyalNumbat,DONE,1426096813
LoyalNumbat,DONE,1426096818
LoyalNumbat,DONE,1426096822
LoyalNumbat,DONE,1426096844
LoyalNumbat,DONE,1426096855
LoyalNumbat,DONE,1426096874
LoyalNumbat,DONE,1426096884
LoyalNumbat,DONE,1426096893
LoyalNumbat,SKIP,1426096932
LoyalNumbat,DONE,1426096943
LoyalNumbat,DONE,1426096947
LoyalNumbat,DONE,1426096962
LoyalNumbat,DONE,1426096972
LoyalNumbat,DONE,1426096986
LoyalNumbat,DONE,1426096990
LoyalNumbat,DONE,1426097000
LoyalNumbat,DONE,1426097004
LoyalNumbat,DONE,1426097008
LoyalNumbat,SKIP,1426097015
LoyalNumbat,DONE,1426097027
LoyalNumbat,DONE,1426097030
LoyalNumbat,DONE,1426097041
LoyalNumbat,DONE,1426097044
LoyalNumbat,DONE,1426097048
LoyalNumbat,DONE,1426097052
LoyalNumbat,DONE,1426097055
LoyalNumbat,SKIP,1426097060
LoyalNumbat,DONE,1426097063
LoyalNumbat,DONE,1426097066
LoyalNumbat,DONE,1426097069
LoyalNumbat,DONE,1426097073
LoyalNumbat,DONE,1426097076
LoyalNumbat,DONE,1426097079
LoyalNumbat,DONE,1426097088
LoyalNumbat,DONE,1426097091
LoyalNumbat,DONE,1426097101
LoyalNumbat,DONE,1426097105
LoyalNumbat,SKIP,1426097107
LoyalNumbat,DONE,1426097108
LoyalNumbat,SKIP,1426097111
LoyalNumbat,SKIP,1426097112
LoyalNumbat,UNKNOWN,1426097515
LoyalNumbat,LOGOUT,1426097515
